Project_Name,Project_Link,HTML_Filename,Full_Filepath,Download_Status
Aarhus City Perspective Regreen Urban Living Lab Denmark,https://oppla.eu/clearing-house/case-study/aarhus-city-perspective-regreen-urban-living-lab-denmark,093_Aarhus_City_Perspective_Regreen_Urban_Living_Lab_Denmark.html,raw_html_data\093_Aarhus_City_Perspective_Regreen_Urban_Living_Lab_Denmark.html,Success
Barking Riverside Ecomimicry,https://oppla.eu/turas/case-study/barking-riverside-ecomimicry,132_Barking_Riverside_Ecomimicry.html,raw_html_data\132_Barking_Riverside_Ecomimicry.html,Success
Batya Belteruleti Csapadekesemenyek Kezelese Tobbmedences Csapadekviz Taplalta Vizes,https://oppla.eu/team-hub/case-study/batya-belteruleti-csapadekesemenyek-kezelese-tobbmedences-csapadekviz-taplalta-vizes,069_Batya_Belteruleti_Csapadekesemenyek_Kezelese_Tobbmedences_Csapadekviz_Taplalta_V.html,raw_html_data\069_Batya_Belteruleti_Csapadekesemenyek_Kezelese_Tobbmedences_Csapadekviz_Taplalta_V.html,Success
Beepathnet Varosi Meheszet Mehbarat Kerulet Program Budapest Xii Keruleteben,https://oppla.eu/team-hub/case-study/beepathnet-varosi-meheszet-mehbarat-kerulet-program-budapest-xii-keruleteben,058_Beepathnet_Varosi_Meheszet_Mehbarat_Kerulet_Program_Budapest_Xii_Keruleteben.html,raw_html_data\058_Beepathnet_Varosi_Meheszet_Mehbarat_Kerulet_Program_Budapest_Xii_Keruleteben.html,Success
Beijing Plain Area Afforestation Programme Bpap Beijing China,https://oppla.eu/clearing-house/case-study/beijing-plain-area-afforestation-programme-bpap-beijing-china,100_Beijing_Plain_Area_Afforestation_Programme_Bpap_Beijing_China.html,raw_html_data\100_Beijing_Plain_Area_Afforestation_Programme_Bpap_Beijing_China.html,Success
Biodiversity Urban And Coastal Areas Iceland,https://oppla.eu/nordic-hub/case-study/biodiversity-urban-and-coastal-areas-iceland,066_Biodiversity_Urban_And_Coastal_Areas_Iceland.html,raw_html_data\066_Biodiversity_Urban_And_Coastal_Areas_Iceland.html,Success
Blue Forest Ecosystem Restoration Along Coast Norway,https://oppla.eu/invest4nature/case-study/blue-forest-ecosystem-restoration-along-coast-norway,006_Blue_Forest_Ecosystem_Restoration_Along_Coast_Norway.html,raw_html_data\006_Blue_Forest_Ecosystem_Restoration_Along_Coast_Norway.html,Success
Bois De Vincennes Vincennes Forest Paris France,https://oppla.eu/clearing-house/case-study/bois-de-vincennes-vincennes-forest-paris-france,092_Bois_De_Vincennes_Vincennes_Forest_Paris_France.html,raw_html_data\092_Bois_De_Vincennes_Vincennes_Forest_Paris_France.html,Success
Cemetery Conversion,https://oppla.eu/edicitnet/case-study/cemetery-conversion,057_Cemetery_Conversion.html,raw_html_data\057_Cemetery_Conversion.html,Success
City Districts Testing Grounds Integrated Sustainable Stormwater Solutions Through,https://oppla.eu/conexus/case-study/city-districts-testing-grounds-integrated-sustainable-stormwater-solutions-through,083_City_Districts_Testing_Grounds_Integrated_Sustainable_Stormwater_Solutions_Throu.html,raw_html_data\083_City_Districts_Testing_Grounds_Integrated_Sustainable_Stormwater_Solutions_Throu.html,Success
Clever Way Hamburg Neugraben Fischbek,https://oppla.eu/clever-cities/case-study/clever-way-hamburg-neugraben-fischbek,038_Clever_Way_Hamburg_Neugraben_Fischbek.html,raw_html_data\038_Clever_Way_Hamburg_Neugraben_Fischbek.html,Success
Climate Change Adaptation And Resilience Through Natural Capital And Forest Management,https://oppla.eu/invest4nature/case-study/climate-change-adaptation-and-resilience-through-natural-capital-and-forest-management,003_Climate_Change_Adaptation_And_Resilience_Through_Natural_Capital_And_Forest_Mana.html,raw_html_data\003_Climate_Change_Adaptation_And_Resilience_Through_Natural_Capital_And_Forest_Mana.html,Success
Climate Change Stresstest Schiedam,https://oppla.eu/turas/case-study/climate-change-stresstest-schiedam,131_Climate_Change_Stresstest_Schiedam.html,raw_html_data\131_Climate_Change_Stresstest_Schiedam.html,Success
Co Creation Urbinat Healthy Corridor Campana Porto,https://oppla.eu/urbinat/case-study/co-creation-urbinat-healthy-corridor-campana-porto,048_Co_Creation_Urbinat_Healthy_Corridor_Campana_Porto.html,raw_html_data\048_Co_Creation_Urbinat_Healthy_Corridor_Campana_Porto.html,Success
Co Creation Urbinat Healthy Corridor Hoje Taastrup Copenhagen,https://oppla.eu/urbinat/case-study/co-creation-urbinat-healthy-corridor-hoje-taastrup-copenhagen,049_Co_Creation_Urbinat_Healthy_Corridor_Hoje_Taastrup_Copenhagen.html,raw_html_data\049_Co_Creation_Urbinat_Healthy_Corridor_Hoje_Taastrup_Copenhagen.html,Success
Co Creation Urbinat Healthy Corridor Nadezhda Sofia,https://oppla.eu/urbinat/case-study/co-creation-urbinat-healthy-corridor-nadezhda-sofia,047_Co_Creation_Urbinat_Healthy_Corridor_Nadezhda_Sofia.html,raw_html_data\047_Co_Creation_Urbinat_Healthy_Corridor_Nadezhda_Sofia.html,Success
Co Creation Urbinat Healthy Corridor Nantes Nord Nantes,https://oppla.eu/urbinat/case-study/co-creation-urbinat-healthy-corridor-nantes-nord-nantes,046_Co_Creation_Urbinat_Healthy_Corridor_Nantes_Nord_Nantes.html,raw_html_data\046_Co_Creation_Urbinat_Healthy_Corridor_Nantes_Nord_Nantes.html,Success
Co Creation Urbinat Healthy Corridor Neder Over Heembeek Brussels,https://oppla.eu/urbinat/case-study/co-creation-urbinat-healthy-corridor-neder-over-heembeek-brussels,044_Co_Creation_Urbinat_Healthy_Corridor_Neder_Over_Heembeek_Brussels.html,raw_html_data\044_Co_Creation_Urbinat_Healthy_Corridor_Neder_Over_Heembeek_Brussels.html,Success
Co Creation Urbinat Healthy Corridor Nova Gorica Slovenia,https://oppla.eu/urbinat/case-study/co-creation-urbinat-healthy-corridor-nova-gorica-slovenia,042_Co_Creation_Urbinat_Healthy_Corridor_Nova_Gorica_Slovenia.html,raw_html_data\042_Co_Creation_Urbinat_Healthy_Corridor_Nova_Gorica_Slovenia.html,Success
Co Creation Urbinat Healthy Corridor Siena,https://oppla.eu/urbinat/case-study/co-creation-urbinat-healthy-corridor-siena,045_Co_Creation_Urbinat_Healthy_Corridor_Siena.html,raw_html_data\045_Co_Creation_Urbinat_Healthy_Corridor_Siena.html,Success
Collaborative Planning Nottingham,https://oppla.eu/turas/case-study/collaborative-planning-nottingham,130_Collaborative_Planning_Nottingham.html,raw_html_data\130_Collaborative_Planning_Nottingham.html,Success
Community Interest Company Barking Riverside,https://oppla.eu/turas/case-study/community-interest-company-barking-riverside,133_Community_Interest_Company_Barking_Riverside.html,raw_html_data\133_Community_Interest_Company_Barking_Riverside.html,Success
Community Involvement Sofia,https://oppla.eu/turas/case-study/community-involvement-sofia,129_Community_Involvement_Sofia.html,raw_html_data\129_Community_Involvement_Sofia.html,Success
Community Supported Agriculture Group,https://oppla.eu/edicitnet/case-study/community-supported-agriculture-group,054_Community_Supported_Agriculture_Group.html,raw_html_data\054_Community_Supported_Agriculture_Group.html,Success
Complex Three Parks Foreseen Site International Horticultural Exhibition 2024 Lodz,https://oppla.eu/clearing-house/case-study/complex-three-parks-foreseen-site-international-horticultural-exhibition-2024-lodz,107_Complex_Three_Parks_Foreseen_Site_International_Horticultural_Exhibition_2024_Lo.html,raw_html_data\107_Complex_Three_Parks_Foreseen_Site_International_Horticultural_Exhibition_2024_Lo.html,Success
Conexus 61 Enhancing Urban Biodiversity Through Learning Communities City Buenos Aires,https://oppla.eu/conexus/case-study/conexus-61-enhancing-urban-biodiversity-through-learning-communities-city-buenos-aires,037_Conexus_61_Enhancing_Urban_Biodiversity_Through_Learning_Communities_City_Buenos.html,raw_html_data\037_Conexus_61_Enhancing_Urban_Biodiversity_Through_Learning_Communities_City_Buenos.html,Success
Conexus 61 Laboratorio Biourbano Santiago De Chile,https://oppla.eu/conexus/case-study/conexus-61-laboratorio-biourbano-santiago-de-chile,032_Conexus_61_Laboratorio_Biourbano_Santiago_De_Chile.html,raw_html_data\032_Conexus_61_Laboratorio_Biourbano_Santiago_De_Chile.html,Success
Conexus 61 Lisgreen Re Naturing Urban Spaces Lisbon,https://oppla.eu/conexus/case-study/conexus-61-lisgreen-re-naturing-urban-spaces-lisbon,033_Conexus_61_Lisgreen_Re_Naturing_Urban_Spaces_Lisbon.html,raw_html_data\033_Conexus_61_Lisgreen_Re_Naturing_Urban_Spaces_Lisbon.html,Success
Conexus 61 Observatori Dagricultura Urbana Barcelonas Urban Agriculture Observatory,https://oppla.eu/conexus/case-study/conexus-61-observatori-dagricultura-urbana-barcelonas-urban-agriculture-observatory,035_Conexus_61_Observatori_Dagricultura_Urbana_Barcelonas_Urban_Agriculture_Observat.html,raw_html_data\035_Conexus_61_Observatori_Dagricultura_Urbana_Barcelonas_Urban_Agriculture_Observat.html,Success
Conexus 61 Restoring Hydro Social Systems Southern And Northern Borders Bogota,https://oppla.eu/conexus/case-study/conexus-61-restoring-hydro-social-systems-southern-and-northern-borders-bogota,034_Conexus_61_Restoring_Hydro_Social_Systems_Southern_And_Northern_Borders_Bogota.html,raw_html_data\034_Conexus_61_Restoring_Hydro_Social_Systems_Southern_And_Northern_Borders_Bogota.html,Success
Conexus 61 Restoring Protecting And Maintaining Thriving Urban Forests Three Pilots City,https://oppla.eu/conexus/case-study/conexus-61-restoring-protecting-and-maintaining-thriving-urban-forests-three-pilots-city,031_Conexus_61_Restoring_Protecting_And_Maintaining_Thriving_Urban_Forests_Three_Pil.html,raw_html_data\031_Conexus_61_Restoring_Protecting_And_Maintaining_Thriving_Urban_Forests_Three_Pil.html,Success
Conexus 61 Valdocco Vivibile Nbs Liveable And Climate Proof Neighbourhoods Turin,https://oppla.eu/conexus/case-study/conexus-61-valdocco-vivibile-nbs-liveable-and-climate-proof-neighbourhoods-turin,030_Conexus_61_Valdocco_Vivibile_Nbs_Liveable_And_Climate_Proof_Neighbourhoods_Turin.html,raw_html_data\030_Conexus_61_Valdocco_Vivibile_Nbs_Liveable_And_Climate_Proof_Neighbourhoods_Turin.html,Success
Connect Dots Observation Colab,https://oppla.eu/turas/case-study/connect-dots-observation-colab,128_Connect_Dots_Observation_Colab.html,raw_html_data\128_Connect_Dots_Observation_Colab.html,Success
Cooperating People And Nature Afforestation Rural And Suburban Landscapes,https://oppla.eu/invest4nature/case-study/cooperating-people-and-nature-afforestation-rural-and-suburban-landscapes,005_Cooperating_People_And_Nature_Afforestation_Rural_And_Suburban_Landscapes.html,raw_html_data\005_Cooperating_People_And_Nature_Afforestation_Rural_And_Suburban_Landscapes.html,Success
Creating Climate Resilient City Through Open Green Spaces,https://oppla.eu/invest4nature/case-study/creating-climate-resilient-city-through-open-green-spaces,004_Creating_Climate_Resilient_City_Through_Open_Green_Spaces.html,raw_html_data\004_Creating_Climate_Resilient_City_Through_Open_Green_Spaces.html,Success
Creekmouth Heritage Trail,https://oppla.eu/turas/case-study/creekmouth-heritage-trail,127_Creekmouth_Heritage_Trail.html,raw_html_data\127_Creekmouth_Heritage_Trail.html,Success
Crop Wild Relatives,https://oppla.eu/nordic-hub/case-study/crop-wild-relatives,060_Crop_Wild_Relatives.html,raw_html_data\060_Crop_Wild_Relatives.html,Success
Custom Build Trent Basin,https://oppla.eu/turas/case-study/custom-build-trent-basin,126_Custom_Build_Trent_Basin.html,raw_html_data\126_Custom_Build_Trent_Basin.html,Success
Danube Auen National Park Vienna Austria,https://oppla.eu/clearing-house/case-study/danube-auen-national-park-vienna-austria,111_Danube_Auen_National_Park_Vienna_Austria.html,raw_html_data\111_Danube_Auen_National_Park_Vienna_Austria.html,Success
Digital Beehive,https://oppla.eu/edicitnet/case-study/digital-beehive,053_Digital_Beehive.html,raw_html_data\053_Digital_Beehive.html,Success
Discovering Community Resources Dublin,https://oppla.eu/turas/case-study/discovering-community-resources-dublin,125_Discovering_Community_Resources_Dublin.html,raw_html_data\125_Discovering_Community_Resources_Dublin.html,Success
Ecological Restoration Coastal Dunes And Rewilding Vinhas River,https://oppla.eu/invest4nature/case-study/ecological-restoration-coastal-dunes-and-rewilding-vinhas-river,002_Ecological_Restoration_Coastal_Dunes_And_Rewilding_Vinhas_River.html,raw_html_data\002_Ecological_Restoration_Coastal_Dunes_And_Rewilding_Vinhas_River.html,Success
Edible Landscaping,https://oppla.eu/edicitnet/case-study/edible-landscaping,056_Edible_Landscaping.html,raw_html_data\056_Edible_Landscaping.html,Success
Enhancement Cultural Ecosystem Services Park Forest Grmoscica Zagreb Croatia,https://oppla.eu/clearing-house/case-study/enhancement-cultural-ecosystem-services-park-forest-grmoscica-zagreb-croatia,099_Enhancement_Cultural_Ecosystem_Services_Park_Forest_Grmoscica_Zagreb_Croatia.html,raw_html_data\099_Enhancement_Cultural_Ecosystem_Services_Park_Forest_Grmoscica_Zagreb_Croatia.html,Success
Enhancing Brussels Ecological Network Belgium,https://oppla.eu/clearing-house/case-study/enhancing-brussels-ecological-network-belgium,108_Enhancing_Brussels_Ecological_Network_Belgium.html,raw_html_data\108_Enhancing_Brussels_Ecological_Network_Belgium.html,Success
Erosion Protection Nature Based Solutions Norway,https://oppla.eu/nordic-hub/case-study/erosion-protection-nature-based-solutions-norway,061_Erosion_Protection_Nature_Based_Solutions_Norway.html,raw_html_data\061_Erosion_Protection_Nature_Based_Solutions_Norway.html,Success
Eso Es Szurkeviz Hasznositas Zugloi Hetszinvirag Ovodaban,https://oppla.eu/team-hub/case-study/eso-es-szurkeviz-hasznositas-zugloi-hetszinvirag-ovodaban,071_Eso_Es_Szurkeviz_Hasznositas_Zugloi_Hetszinvirag_Ovodaban.html,raw_html_data\071_Eso_Es_Szurkeviz_Hasznositas_Zugloi_Hetszinvirag_Ovodaban.html,Success
Esokertek Kecskemeten,https://oppla.eu/team-hub/case-study/esokertek-kecskemeten,036_Esokertek_Kecskemeten.html,raw_html_data\036_Esokertek_Kecskemeten.html,Success
First Large Land Restoration Initiative Faroe Islands,https://oppla.eu/nordic-hub/case-study/first-large-land-restoration-initiative-faroe-islands,070_First_Large_Land_Restoration_Initiative_Faroe_Islands.html,raw_html_data\070_First_Large_Land_Restoration_Initiative_Faroe_Islands.html,Success
Floating Wetland System Uto,https://oppla.eu/nordic-hub/case-study/floating-wetland-system-uto,072_Floating_Wetland_System_Uto.html,raw_html_data\072_Floating_Wetland_System_Uto.html,Success
Fu Forest Trail Fuzhou China,https://oppla.eu/clearing-house/case-study/fu-forest-trail-fuzhou-china,104_Fu_Forest_Trail_Fuzhou_China.html,raw_html_data\104_Fu_Forest_Trail_Fuzhou_China.html,Success
Fushan Ecological Park Qingdao Shandong Province China,https://oppla.eu/clearing-house/case-study/fushan-ecological-park-qingdao-shandong-province-china,091_Fushan_Ecological_Park_Qingdao_Shandong_Province_China.html,raw_html_data\091_Fushan_Ecological_Park_Qingdao_Shandong_Province_China.html,Success
Green Corridors Network Background Nbs Approach Lisbon Portugal,https://oppla.eu/conexus/case-study/green-corridors-network-background-nbs-approach-lisbon-portugal,085_Green_Corridors_Network_Background_Nbs_Approach_Lisbon_Portugal.html,raw_html_data\085_Green_Corridors_Network_Background_Nbs_Approach_Lisbon_Portugal.html,Success
Green Living Room Ludwigsburg,https://oppla.eu/turas/case-study/green-living-room-ludwigsburg,124_Green_Living_Room_Ludwigsburg.html,raw_html_data\124_Green_Living_Room_Ludwigsburg.html,Success
Green Lungs City Forest And Wetlands Park Yiwu Zhejiang Province China,https://oppla.eu/clearing-house/case-study/green-lungs-city-forest-and-wetlands-park-yiwu-zhejiang-province-china,101_Green_Lungs_City_Forest_And_Wetlands_Park_Yiwu_Zhejiang_Province_China.html,raw_html_data\101_Green_Lungs_City_Forest_And_Wetlands_Park_Yiwu_Zhejiang_Province_China.html,Success
Green Roofs Slums Rio De Janeiro Brazil,https://oppla.eu/conexus/case-study/green-roofs-slums-rio-de-janeiro-brazil,078_Green_Roofs_Slums_Rio_De_Janeiro_Brazil.html,raw_html_data\078_Green_Roofs_Slums_Rio_De_Janeiro_Brazil.html,Success
Green Wedges Jiaxing Zhejiang Province China,https://oppla.eu/clearing-house/case-study/green-wedges-jiaxing-zhejiang-province-china,102_Green_Wedges_Jiaxing_Zhejiang_Province_China.html,raw_html_data\102_Green_Wedges_Jiaxing_Zhejiang_Province_China.html,Success
Greening Milan Innovating Urban Spaces Through Nature Based Solutions,https://oppla.eu/clever-cities/case-study/greening-milan-innovating-urban-spaces-through-nature-based-solutions,039_Greening_Milan_Innovating_Urban_Spaces_Through_Nature_Based_Solutions.html,raw_html_data\039_Greening_Milan_Innovating_Urban_Spaces_Through_Nature_Based_Solutions.html,Success
Greenroof Experiment Barking Riverside,https://oppla.eu/turas/case-study/greenroof-experiment-barking-riverside,123_Greenroof_Experiment_Barking_Riverside.html,raw_html_data\123_Greenroof_Experiment_Barking_Riverside.html,Success
H2020 Ponderful Bois De Jussy Nbs Pondscape Biodiversity And People,https://oppla.eu/ponderful/case-study/h2020-ponderful-bois-de-jussy-nbs-pondscape-biodiversity-and-people,028_H2020_Ponderful_Bois_De_Jussy_Nbs_Pondscape_Biodiversity_And_People.html,raw_html_data\028_H2020_Ponderful_Bois_De_Jussy_Nbs_Pondscape_Biodiversity_And_People.html,Success
H2020 Ponderful Deurbanization La Pletera,https://oppla.eu/ponderful/case-study/h2020-ponderful-deurbanization-la-pletera,027_H2020_Ponderful_Deurbanization_La_Pletera.html,raw_html_data\027_H2020_Ponderful_Deurbanization_La_Pletera.html,Success
H2020 Ponderful Fyn Nbs Pondscape Biodiversity And People,https://oppla.eu/ponderful/case-study/h2020-ponderful-fyn-nbs-pondscape-biodiversity-and-people,016_H2020_Ponderful_Fyn_Nbs_Pondscape_Biodiversity_And_People.html,raw_html_data\016_H2020_Ponderful_Fyn_Nbs_Pondscape_Biodiversity_And_People.html,Success
H2020 Ponderful Golbasi Duzlugu Pondscape,https://oppla.eu/ponderful/case-study/h2020-ponderful-golbasi-duzlugu-pondscape,014_H2020_Ponderful_Golbasi_Duzlugu_Pondscape.html,raw_html_data\014_H2020_Ponderful_Golbasi_Duzlugu_Pondscape.html,Success
H2020 Ponderful Grote Getevallei Demosite,https://oppla.eu/ponderful/case-study/h2020-ponderful-grote-getevallei-demosite,022_H2020_Ponderful_Grote_Getevallei_Demosite.html,raw_html_data\022_H2020_Ponderful_Grote_Getevallei_Demosite.html,Success
H2020 Ponderful Imrahor River Valley Pondscape,https://oppla.eu/ponderful/case-study/h2020-ponderful-imrahor-river-valley-pondscape,015_H2020_Ponderful_Imrahor_River_Valley_Pondscape.html,raw_html_data\015_H2020_Ponderful_Imrahor_River_Valley_Pondscape.html,Success
H2020 Ponderful Lake Mogan Pondscape,https://oppla.eu/ponderful/case-study/h2020-ponderful-lake-mogan-pondscape,013_H2020_Ponderful_Lake_Mogan_Pondscape.html,raw_html_data\013_H2020_Ponderful_Lake_Mogan_Pondscape.html,Success
H2020 Ponderful Pikhakendonk Demosite,https://oppla.eu/ponderful/case-study/h2020-ponderful-pikhakendonk-demosite,023_H2020_Ponderful_Pikhakendonk_Demosite.html,raw_html_data\023_H2020_Ponderful_Pikhakendonk_Demosite.html,Success
H2020 Ponderful Pinkhill Meadow Nbs Small Highly Valuable Floodplain Pondscape,https://oppla.eu/ponderful/case-study/h2020-ponderful-pinkhill-meadow-nbs-small-highly-valuable-floodplain-pondscape,018_H2020_Ponderful_Pinkhill_Meadow_Nbs_Small_Highly_Valuable_Floodplain_Pondscape.html,raw_html_data\018_H2020_Ponderful_Pinkhill_Meadow_Nbs_Small_Highly_Valuable_Floodplain_Pondscape.html,Success
H2020 Ponderful Restauration Natural Hydrological Functioning Through Drainage Removal,https://oppla.eu/ponderful/case-study/h2020-ponderful-restauration-natural-hydrological-functioning-through-drainage-removal,026_H2020_Ponderful_Restauration_Natural_Hydrological_Functioning_Through_Drainage_R.html,raw_html_data\026_H2020_Ponderful_Restauration_Natural_Hydrological_Functioning_Through_Drainage_R.html,Success
H2020 Ponderful Rhone Genevois Nbs Multifunctionality Pondscape Scale,https://oppla.eu/ponderful/case-study/h2020-ponderful-rhone-genevois-nbs-multifunctionality-pondscape-scale,029_H2020_Ponderful_Rhone_Genevois_Nbs_Multifunctionality_Pondscape_Scale.html,raw_html_data\029_H2020_Ponderful_Rhone_Genevois_Nbs_Multifunctionality_Pondscape_Scale.html,Success
H2020 Ponderful Schoneiche Demo Site,https://oppla.eu/ponderful/case-study/h2020-ponderful-schoneiche-demo-site,025_H2020_Ponderful_Schoneiche_Demo_Site.html,raw_html_data\025_H2020_Ponderful_Schoneiche_Demo_Site.html,Success
H2020 Ponderful Tommelen Demosite,https://oppla.eu/ponderful/case-study/h2020-ponderful-tommelen-demosite,021_H2020_Ponderful_Tommelen_Demosite.html,raw_html_data\021_H2020_Ponderful_Tommelen_Demosite.html,Success
H2020 Ponderful Uruguay Pondscape,https://oppla.eu/ponderful/case-study/h2020-ponderful-uruguay-pondscape,024_H2020_Ponderful_Uruguay_Pondscape.html,raw_html_data\024_H2020_Ponderful_Uruguay_Pondscape.html,Success
H2020 Ponderful Water Friendly Farming Nbs Pondscape Biodiversity And Multiple Ecosystem,https://oppla.eu/ponderful/case-study/h2020-ponderful-water-friendly-farming-nbs-pondscape-biodiversity-and-multiple-ecosystem,019_H2020_Ponderful_Water_Friendly_Farming_Nbs_Pondscape_Biodiversity_And_Multiple_E.html,raw_html_data\019_H2020_Ponderful_Water_Friendly_Farming_Nbs_Pondscape_Biodiversity_And_Multiple_E.html,Success
H2020 Ponderfulthe Lystrup Nbs Pondscape Flood Risk Reduction Biodiversity And People,https://oppla.eu/ponderful/case-study/h2020-ponderfulthe-lystrup-nbs-pondscape-flood-risk-reduction-biodiversity-and-people,017_H2020_Ponderfulthe_Lystrup_Nbs_Pondscape_Flood_Risk_Reduction_Biodiversity_And_P.html,raw_html_data\017_H2020_Ponderfulthe_Lystrup_Nbs_Pondscape_Flood_Risk_Reduction_Biodiversity_And_P.html,Success
Heritage Zone Xochimilco Tlahuac And Milpa Alta Mexico City Importance Nature Based,https://oppla.eu/conexus/case-study/heritage-zone-xochimilco-tlahuac-and-milpa-alta-mexico-city-importance-nature-based,079_Heritage_Zone_Xochimilco_Tlahuac_And_Milpa_Alta_Mexico_City_Importance_Nature_Ba.html,raw_html_data\079_Heritage_Zone_Xochimilco_Tlahuac_And_Milpa_Alta_Mexico_City_Importance_Nature_Ba.html,Success
Ille Occuro Usitas Verto Damnum Incassum Pecus Praemitto Refoveo Sit Voco,https://oppla.eu/escom-scotland/case-study/ille-occuro-usitas-verto-damnum-incassum-pecus-praemitto-refoveo-sit-voco,N/A,N/A,Failed: Exceeded 30 redirects.
Improved Integrated Management Natural Resources Within Cairngorms National Park,https://oppla.eu/escom-scotland/case-study/improved-integrated-management-natural-resources-within-cairngorms-national-park,135_Improved_Integrated_Management_Natural_Resources_Within_Cairngorms_National_Park.html,raw_html_data\135_Improved_Integrated_Management_Natural_Resources_Within_Cairngorms_National_Park.html,Success
Interlace Project Chemnitz Germany Engagement Education And Collaboration Advancing,https://oppla.eu/interlace/case-study/interlace-project-chemnitz-germany-engagement-education-and-collaboration-advancing,012_Interlace_Project_Chemnitz_Germany_Engagement_Education_And_Collaboration_Advanc.html,raw_html_data\012_Interlace_Project_Chemnitz_Germany_Engagement_Education_And_Collaboration_Advanc.html,Success
Interlace Project El Corredor Biologico Interurbano Maria Aguilar Cbima Costa Rica Using,https://oppla.eu/interlace/case-study/interlace-project-el-corredor-biologico-interurbano-maria-aguilar-cbima-costa-rica-using,011_Interlace_Project_El_Corredor_Biologico_Interurbano_Maria_Aguilar_Cbima_Costa_Ri.html,raw_html_data\011_Interlace_Project_El_Corredor_Biologico_Interurbano_Maria_Aguilar_Cbima_Costa_Ri.html,Success
Interlace Project Envigado Colombia Using Nature Based Solutions Address Environmental,https://oppla.eu/interlace/case-study/interlace-project-envigado-colombia-using-nature-based-solutions-address-environmental,010_Interlace_Project_Envigado_Colombia_Using_Nature_Based_Solutions_Address_Environ.html,raw_html_data\010_Interlace_Project_Envigado_Colombia_Using_Nature_Based_Solutions_Address_Environ.html,Success
Interlace Project Granollers Spain Using Nature Based Solutions Green Transformation,https://oppla.eu/interlace/case-study/interlace-project-granollers-spain-using-nature-based-solutions-green-transformation,009_Interlace_Project_Granollers_Spain_Using_Nature_Based_Solutions_Green_Transforma.html,raw_html_data\009_Interlace_Project_Granollers_Spain_Using_Nature_Based_Solutions_Green_Transforma.html,Success
Interlace Project Metropolia Krakowska Poland Using Nature Based Solutions Enhance Urban,https://oppla.eu/interlace/case-study/interlace-project-metropolia-krakowska-poland-using-nature-based-solutions-enhance-urban,008_Interlace_Project_Metropolia_Krakowska_Poland_Using_Nature_Based_Solutions_Enhan.html,raw_html_data\008_Interlace_Project_Metropolia_Krakowska_Poland_Using_Nature_Based_Solutions_Enhan.html,Success
Interlace Project Portoviejo Ecuador Using Nature Based Solutions Sustainable Urban,https://oppla.eu/interlace/case-study/interlace-project-portoviejo-ecuador-using-nature-based-solutions-sustainable-urban,007_Interlace_Project_Portoviejo_Ecuador_Using_Nature_Based_Solutions_Sustainable_Ur.html,raw_html_data\007_Interlace_Project_Portoviejo_Ecuador_Using_Nature_Based_Solutions_Sustainable_Ur.html,Success
Izmir Turkey Re Naturing Urban Plan Nbs,https://oppla.eu/urban-greenup/case-study/izmir-turkey-re-naturing-urban-plan-nbs,041_Izmir_Turkey_Re_Naturing_Urban_Plan_Nbs.html,raw_html_data\041_Izmir_Turkey_Re_Naturing_Urban_Plan_Nbs.html,Success
L Braille Public Garden Bari Italy,https://oppla.eu/clearing-house/case-study/l-braille-public-garden-bari-italy,112_L_Braille_Public_Garden_Bari_Italy.html,raw_html_data\112_L_Braille_Public_Garden_Bari_Italy.html,Success
Landscape Park Duisburg Nord Germany,https://oppla.eu/clearing-house/case-study/landscape-park-duisburg-nord-germany,106_Landscape_Park_Duisburg_Nord_Germany.html,raw_html_data\106_Landscape_Park_Duisburg_Nord_Germany.html,Success
Landscape Park Tivoli Roznik And Siska Hill Ljubljana Slovenia,https://oppla.eu/clearing-house/case-study/landscape-park-tivoli-roznik-and-siska-hill-ljubljana-slovenia,097_Landscape_Park_Tivoli_Roznik_And_Siska_Hill_Ljubljana_Slovenia.html,raw_html_data\097_Landscape_Park_Tivoli_Roznik_And_Siska_Hill_Ljubljana_Slovenia.html,Success
Linderud Community Garden,https://oppla.eu/edicitnet/case-study/linderud-community-garden,055_Linderud_Community_Garden.html,raw_html_data\055_Linderud_Community_Garden.html,Success
Lisbon Masterplan Vale De Alcantara Green Corridor,https://oppla.eu/enroute/case-study/lisbon-masterplan-vale-de-alcantara-green-corridor,116_Lisbon_Masterplan_Vale_De_Alcantara_Green_Corridor.html,raw_html_data\116_Lisbon_Masterplan_Vale_De_Alcantara_Green_Corridor.html,Success
Living Fences Buenos Aires Improving Quality Air,https://oppla.eu/conexus/case-study/living-fences-buenos-aires-improving-quality-air,088_Living_Fences_Buenos_Aires_Improving_Quality_Air.html,raw_html_data\088_Living_Fences_Buenos_Aires_Improving_Quality_Air.html,Success
London Nbs Leading Sustainable City,https://oppla.eu/clever-cities/case-study/london-nbs-leading-sustainable-city,115_London_Nbs_Leading_Sustainable_City.html,raw_html_data\115_London_Nbs_Leading_Sustainable_City.html,Success
Magas Termeszeti Erteku Gyepteruletek Megorzese Szenes Legelon Es Mas Dunantuli,https://oppla.eu/team-hub/case-study/magas-termeszeti-erteku-gyepteruletek-megorzese-szenes-legelon-es-mas-dunantuli,043_Magas_Termeszeti_Erteku_Gyepteruletek_Megorzese_Szenes_Legelon_Es_Mas_Dunantuli.html,raw_html_data\043_Magas_Termeszeti_Erteku_Gyepteruletek_Megorzese_Szenes_Legelon_Es_Mas_Dunantuli.html,Success
Malaga Strategy Workshops,https://oppla.eu/turas/case-study/malaga-strategy-workshops,122_Malaga_Strategy_Workshops.html,raw_html_data\122_Malaga_Strategy_Workshops.html,Success
Meishan Dongpo Urban Wetland Park Sichuan Province China,https://oppla.eu/clearing-house/case-study/meishan-dongpo-urban-wetland-park-sichuan-province-china,103_Meishan_Dongpo_Urban_Wetland_Park_Sichuan_Province_China.html,raw_html_data\103_Meishan_Dongpo_Urban_Wetland_Park_Sichuan_Province_China.html,Success
Mirafiori Sud Living Lab,https://oppla.eu/progireg/case-study/mirafiori-sud-living-lab,114_Mirafiori_Sud_Living_Lab.html,raw_html_data\114_Mirafiori_Sud_Living_Lab.html,Success
More Nature Less Waste,https://oppla.eu/nordic-hub/case-study/more-nature-less-waste,063_More_Nature_Less_Waste.html,raw_html_data\063_More_Nature_Less_Waste.html,Success
Multifunctional Land Distribution Denmark,https://oppla.eu/nordic-hub/case-study/multifunctional-land-distribution-denmark,065_Multifunctional_Land_Distribution_Denmark.html,raw_html_data\065_Multifunctional_Land_Distribution_Denmark.html,Success
Multifunctional Wetlands Aland,https://oppla.eu/nordic-hub/case-study/multifunctional-wetlands-aland,062_Multifunctional_Wetlands_Aland.html,raw_html_data\062_Multifunctional_Wetlands_Aland.html,Success
Multisectoral And Multiscale Articulation Urban Regeneration Medellin And Its,https://oppla.eu/conexus/case-study/multisectoral-and-multiscale-articulation-urban-regeneration-medellin-and-its,082_Multisectoral_And_Multiscale_Articulation_Urban_Regeneration_Medellin_And_Its.html,raw_html_data\082_Multisectoral_And_Multiscale_Articulation_Urban_Regeneration_Medellin_And_Its.html,Success
Nature Based Solutions Improving Well Being Urban Areas Sheffield United Kingdom,https://oppla.eu/conexus/case-study/nature-based-solutions-improving-well-being-urban-areas-sheffield-united-kingdom,076_Nature_Based_Solutions_Improving_Well_Being_Urban_Areas_Sheffield_United_Kingdom.html,raw_html_data\076_Nature_Based_Solutions_Improving_Well_Being_Urban_Areas_Sheffield_United_Kingdom.html,Success
Nature Based Solutions Integral And Multiscale Responses Social And Environmental,https://oppla.eu/conexus/case-study/nature-based-solutions-integral-and-multiscale-responses-social-and-environmental,086_Nature_Based_Solutions_Integral_And_Multiscale_Responses_Social_And_Environmenta.html,raw_html_data\086_Nature_Based_Solutions_Integral_And_Multiscale_Responses_Social_And_Environmenta.html,Success
Nature Based Solutions Valencia Better Benicalap Greener And More Sustainable,https://oppla.eu/growgreen/case-study/nature-based-solutions-valencia-better-benicalap-greener-and-more-sustainable,051_Nature_Based_Solutions_Valencia_Better_Benicalap_Greener_And_More_Sustainable.html,raw_html_data\051_Nature_Based_Solutions_Valencia_Better_Benicalap_Greener_And_More_Sustainable.html,Success
Nature Based Solutions Wroclaw Renovated Courtyards And Green Streets,https://oppla.eu/growgreen/case-study/nature-based-solutions-wroclaw-renovated-courtyards-and-green-streets,052_Nature_Based_Solutions_Wroclaw_Renovated_Courtyards_And_Green_Streets.html,raw_html_data\052_Nature_Based_Solutions_Wroclaw_Renovated_Courtyards_And_Green_Streets.html,Success
Naturfelder Association,https://oppla.eu/progireg/case-study/naturfelder-association,113_Naturfelder_Association.html,raw_html_data\113_Naturfelder_Association.html,Success
Okologiai Szemleletu Zoldfelulet Fenntartas Fovarosi Punkosdfurdo Parkban,https://oppla.eu/team-hub/case-study/okologiai-szemleletu-zoldfelulet-fenntartas-fovarosi-punkosdfurdo-parkban,020_Okologiai_Szemleletu_Zoldfelulet_Fenntartas_Fovarosi_Punkosdfurdo_Parkban.html,raw_html_data\020_Okologiai_Szemleletu_Zoldfelulet_Fenntartas_Fovarosi_Punkosdfurdo_Parkban.html,Success
Operation Phosphore Brussels,https://oppla.eu/turas/case-study/operation-phosphore-brussels,121_Operation_Phosphore_Brussels.html,raw_html_data\121_Operation_Phosphore_Brussels.html,Success
Parco Nord Milano Italy,https://oppla.eu/clearing-house/case-study/parco-nord-milano-italy,094_Parco_Nord_Milano_Italy.html,raw_html_data\094_Parco_Nord_Milano_Italy.html,Success
Parkforest Ghent Belgium,https://oppla.eu/clearing-house/case-study/parkforest-ghent-belgium,109_Parkforest_Ghent_Belgium.html,raw_html_data\109_Parkforest_Ghent_Belgium.html,Success
Participatory Reconversion Workshop,https://oppla.eu/turas/case-study/participatory-reconversion-workshop,120_Participatory_Reconversion_Workshop.html,raw_html_data\120_Participatory_Reconversion_Workshop.html,Success
Peri Urban Forest Ostend Belgium,https://oppla.eu/clearing-house/case-study/peri-urban-forest-ostend-belgium,110_Peri_Urban_Forest_Ostend_Belgium.html,raw_html_data\110_Peri_Urban_Forest_Ostend_Belgium.html,Success
Progireg Info Center,https://oppla.eu/progireg/case-study/progireg-info-center,073_Progireg_Info_Center.html,raw_html_data\073_Progireg_Info_Center.html,Success
Programme Baumstarke Stadt Leipzig Germany,https://oppla.eu/clearing-house/case-study/programme-baumstarke-stadt-leipzig-germany,095_Programme_Baumstarke_Stadt_Leipzig_Germany.html,raw_html_data\095_Programme_Baumstarke_Stadt_Leipzig_Germany.html,Success
Puspokszilagy Alkalmazkodas Klimavaltozashoz Lefolyas Lassitassal Es Vizvisszatartason,https://oppla.eu/team-hub/case-study/puspokszilagy-alkalmazkodas-klimavaltozashoz-lefolyas-lassitassal-es-vizvisszatartason,074_Puspokszilagy_Alkalmazkodas_Klimavaltozashoz_Lefolyas_Lassitassal_Es_Vizvisszata.html,raw_html_data\074_Puspokszilagy_Alkalmazkodas_Klimavaltozashoz_Lefolyas_Lassitassal_Es_Vizvisszata.html,Success
Quantifying Consequences Eu Water Policy Ecosystem Service Delivery Loch Leven Scotland,https://oppla.eu/escom-scotland/case-study/quantifying-consequences-eu-water-policy-ecosystem-service-delivery-loch-leven-scotland,134_Quantifying_Consequences_Eu_Water_Policy_Ecosystem_Service_Delivery_Loch_Leven_S.html,raw_html_data\134_Quantifying_Consequences_Eu_Water_Policy_Ecosystem_Service_Delivery_Loch_Leven_S.html,Success
Quito Urban Agriculture Nature Based Solution Facing Climate Change And Food Sovereignty,https://oppla.eu/conexus/case-study/quito-urban-agriculture-nature-based-solution-facing-climate-change-and-food-sovereignty,080_Quito_Urban_Agriculture_Nature_Based_Solution_Facing_Climate_Change_And_Food_Sov.html,raw_html_data\080_Quito_Urban_Agriculture_Nature_Based_Solution_Facing_Climate_Change_And_Food_Sov.html,Success
Rakocziujfalu Termeszetkozeli Belviz Visszatartas Szarazsag Mersekleseert,https://oppla.eu/team-hub/case-study/rakocziujfalu-termeszetkozeli-belviz-visszatartas-szarazsag-mersekleseert,068_Rakocziujfalu_Termeszetkozeli_Belviz_Visszatartas_Szarazsag_Mersekleseert.html,raw_html_data\068_Rakocziujfalu_Termeszetkozeli_Belviz_Visszatartas_Szarazsag_Mersekleseert.html,Success
Regenerating Crown Barracks Brussels,https://oppla.eu/turas/case-study/regenerating-crown-barracks-brussels,119_Regenerating_Crown_Barracks_Brussels.html,raw_html_data\119_Regenerating_Crown_Barracks_Brussels.html,Success
Ruzsa Alkalmazkodas Az Eghajlatvaltozashoz Szurkeviz Visszatartassal Homokhatsagon,https://oppla.eu/team-hub/case-study/ruzsa-alkalmazkodas-az-eghajlatvaltozashoz-szurkeviz-visszatartassal-homokhatsagon,059_Ruzsa_Alkalmazkodas_Az_Eghajlatvaltozashoz_Szurkeviz_Visszatartassal_Homokhatsag.html,raw_html_data\059_Ruzsa_Alkalmazkodas_Az_Eghajlatvaltozashoz_Szurkeviz_Visszatartassal_Homokhatsag.html,Success
Santiago Green Infrastructure Plan Towards Green Infrastructure System,https://oppla.eu/conexus/case-study/santiago-green-infrastructure-plan-towards-green-infrastructure-system,077_Santiago_Green_Infrastructure_Plan_Towards_Green_Infrastructure_System.html,raw_html_data\077_Santiago_Green_Infrastructure_Plan_Towards_Green_Infrastructure_System.html,Success
Scotland Inner Forth Coastal Realignment,https://oppla.eu/escom-scotland/case-study/scotland-inner-forth-coastal-realignment,137_Scotland_Inner_Forth_Coastal_Realignment.html,raw_html_data\137_Scotland_Inner_Forth_Coastal_Realignment.html,Success
Serra De Collserola Natural Park Barcelona Spain,https://oppla.eu/clearing-house/case-study/serra-de-collserola-natural-park-barcelona-spain,098_Serra_De_Collserola_Natural_Park_Barcelona_Spain.html,raw_html_data\098_Serra_De_Collserola_Natural_Park_Barcelona_Spain.html,Success
Socio Ecological Networks Nbs Integrate Nature Urban Planning And Social Appropriation,https://oppla.eu/conexus/case-study/socio-ecological-networks-nbs-integrate-nature-urban-planning-and-social-appropriation,089_Socio_Ecological_Networks_Nbs_Integrate_Nature_Urban_Planning_And_Social_Appropr.html,raw_html_data\089_Socio_Ecological_Networks_Nbs_Integrate_Nature_Urban_Planning_And_Social_Appropr.html,Success
Socio Ecological Urban River Restoration Mitigate Flood Risk Improve Recreational,https://oppla.eu/conexus/case-study/socio-ecological-urban-river-restoration-mitigate-flood-risk-improve-recreational,081_Socio_Ecological_Urban_River_Restoration_Mitigate_Flood_Risk_Improve_Recreationa.html,raw_html_data\081_Socio_Ecological_Urban_River_Restoration_Mitigate_Flood_Risk_Improve_Recreationa.html,Success
Stream And Watershed Restoration Finland,https://oppla.eu/nordic-hub/case-study/stream-and-watershed-restoration-finland,064_Stream_And_Watershed_Restoration_Finland.html,raw_html_data\064_Stream_And_Watershed_Restoration_Finland.html,Success
Studio Cureghem Brussels,https://oppla.eu/turas/case-study/studio-cureghem-brussels,118_Studio_Cureghem_Brussels.html,raw_html_data\118_Studio_Cureghem_Brussels.html,Success
Sweet City Facing Climate Change And Biodiversity Loss Urban Costa Rica,https://oppla.eu/conexus/case-study/sweet-city-facing-climate-change-and-biodiversity-loss-urban-costa-rica,087_Sweet_City_Facing_Climate_Change_And_Biodiversity_Loss_Urban_Costa_Rica.html,raw_html_data\087_Sweet_City_Facing_Climate_Change_And_Biodiversity_Loss_Urban_Costa_Rica.html,Success
Talajelet Biologiai Sokszinusegenek Novelese Es Fenntarthato Videki Elet Nepszerusitese,https://oppla.eu/team-hub/case-study/talajelet-biologiai-sokszinusegenek-novelese-es-fenntarthato-videki-elet-nepszerusitese,040_Talajelet_Biologiai_Sokszinusegenek_Novelese_Es_Fenntarthato_Videki_Elet_Nepszer.html,raw_html_data\040_Talajelet_Biologiai_Sokszinusegenek_Novelese_Es_Fenntarthato_Videki_Elet_Nepszer.html,Success
Termeszetes Vizmegtartas Civil Osszefogassal Homokhatsagon,https://oppla.eu/team-hub/case-study/termeszetes-vizmegtartas-civil-osszefogassal-homokhatsagon,050_Termeszetes_Vizmegtartas_Civil_Osszefogassal_Homokhatsagon.html,raw_html_data\050_Termeszetes_Vizmegtartas_Civil_Osszefogassal_Homokhatsagon.html,Success
Tiszatarjan Fenntarthato Gazdalkodas Es Vizvisszatartas Az Arteren Klimaalkalmazkodas,https://oppla.eu/team-hub/case-study/tiszatarjan-fenntarthato-gazdalkodas-es-vizvisszatartas-az-arteren-klimaalkalmazkodas,067_Tiszatarjan_Fenntarthato_Gazdalkodas_Es_Vizvisszatartas_Az_Arteren_Klimaalkalmaz.html,raw_html_data\067_Tiszatarjan_Fenntarthato_Gazdalkodas_Es_Vizvisszatartas_Az_Arteren_Klimaalkalmaz.html,Success
Transition Planning Parco Agricolo,https://oppla.eu/turas/case-study/transition-planning-parco-agricolo,117_Transition_Planning_Parco_Agricolo.html,raw_html_data\117_Transition_Planning_Parco_Agricolo.html,Success
Urban Forests And Promotion Native Ecosystems Sao Paulo Brazil,https://oppla.eu/conexus/case-study/urban-forests-and-promotion-native-ecosystems-sao-paulo-brazil,075_Urban_Forests_And_Promotion_Native_Ecosystems_Sao_Paulo_Brazil.html,raw_html_data\075_Urban_Forests_And_Promotion_Native_Ecosystems_Sao_Paulo_Brazil.html,Success
Urban Gardens Barcelona Multifunctional Green Enhance Nature Based Thinking Cities,https://oppla.eu/conexus/case-study/urban-gardens-barcelona-multifunctional-green-enhance-nature-based-thinking-cities,090_Urban_Gardens_Barcelona_Multifunctional_Green_Enhance_Nature_Based_Thinking_Citi.html,raw_html_data\090_Urban_Gardens_Barcelona_Multifunctional_Green_Enhance_Nature_Based_Thinking_Citi.html,Success
Vanhankaupunginlahti Old Town Bay Finland,https://oppla.eu/clearing-house/case-study/vanhankaupunginlahti-old-town-bay-finland,096_Vanhankaupunginlahti_Old_Town_Bay_Finland.html,raw_html_data\096_Vanhankaupunginlahti_Old_Town_Bay_Finland.html,Success
Water Haigh Woodland Park Lower River Aire Valley Leeds Uk,https://oppla.eu/clearing-house/case-study/water-haigh-woodland-park-lower-river-aire-valley-leeds-uk,105_Water_Haigh_Woodland_Park_Lower_River_Aire_Valley_Leeds_Uk.html,raw_html_data\105_Water_Haigh_Woodland_Park_Lower_River_Aire_Valley_Leeds_Uk.html,Success
Wetland Baquedano Park City Llanquihue Chile,https://oppla.eu/conexus/case-study/wetland-baquedano-park-city-llanquihue-chile,084_Wetland_Baquedano_Park_City_Llanquihue_Chile.html,raw_html_data\084_Wetland_Baquedano_Park_City_Llanquihue_Chile.html,Success
Wine Exemplar Translating Consumer Values Environmental Structures And Functions,https://oppla.eu/openness/case-study/wine-exemplar-translating-consumer-values-environmental-structures-and-functions,136_Wine_Exemplar_Translating_Consumer_Values_Environmental_Structures_And_Functions.html,raw_html_data\136_Wine_Exemplar_Translating_Consumer_Values_Environmental_Structures_And_Functions.html,Success
